<?xml version="1.0" encoding="UTF-8"?>
<ehcache xmlns:xsi="http://www.w3.org/2001/XMLSchema-instance"
         xsi:noNamespaceSchemaLocation="ehcache.xsd"
         updateCheck="true" monitoring="autodetect"
         dynamicConfig="true">
    <diskStore path="java.io.tmpdir"/>
    <transactionManagerLookup class="net.sf.ehcache.transaction.manager.DefaultTransactionManagerLookup"
                              properties="jndiName=java:/TransactionManager" propertySeparator=";"/>
    <cacheManagerEventListenerFactory class="" properties=""/>
    <cacheManagerPeerProviderFactory
            class="net.sf.ehcache.distribution.RMICacheManagerPeerProviderFactory"
            properties="peerDiscovery=automatic,
                        multicastGroupAddress=230.0.0.1,
                        multicastGroupPort=4446, timeToLive=1"
            propertySeparator=","
            />
    <cacheManagerPeerListenerFactory class="net.sf.ehcache.distribution.RMICacheManagerPeerListenerFactory"/>
    <defaultCache
            maxEntriesLocalHeap="10000"
            eternal="false"
            timeToIdleSeconds="120"
            timeToLiveSeconds="120"
            overflowToDisk="true"
            diskSpoolBufferSizeMB="30"
            maxEntriesLocalDisk="10000000"
            diskPersistent="false"
            diskExpiryThreadIntervalSeconds="120"
            memoryStoreEvictionPolicy="LRU"
            statistics="false"
            />
    <cache name="sampleCache1"
           maxEntriesLocalHeap="10000"
           maxEntriesLocalDisk="1000"
           eternal="false"
           overflowToDisk="true"
           diskSpoolBufferSizeMB="20"
           timeToIdleSeconds="300"
           timeToLiveSeconds="600"
           memoryStoreEvictionPolicy="LFU"
           transactionalMode="off"
            />
    <cache name="sampleCache2"
           maxEntriesLocalHeap="1000"
           eternal="true"
           overflowToDisk="false"
           memoryStoreEvictionPolicy="FIFO"
            />
    <cache name="sampleCache3"
           maxEntriesLocalHeap="500"
           eternal="false"
           overflowToDisk="true"
           timeToIdleSeconds="300"
           timeToLiveSeconds="600"
           diskPersistent="true"
           diskExpiryThreadIntervalSeconds="1"
           memoryStoreEvictionPolicy="LFU"
            />
    <cache name="sampleReplicatedCache1"
           maxEntriesLocalHeap="10"
           eternal="false"
           timeToIdleSeconds="100"
           timeToLiveSeconds="100"
           overflowToDisk="false">

        <cacheEventListenerFactory
                class="net.sf.ehcache.distribution.RMICacheReplicatorFactory"/>
        <bootstrapCacheLoaderFactory
                class="net.sf.ehcache.distribution.RMIBootstrapCacheLoaderFactory"/>
    </cache>
    <cache name="sampleRepicatedCache2"
           maxEntriesLocalHeap="10"
           eternal="false"
           timeToIdleSeconds="100"
           timeToLiveSeconds="100"
           overflowToDisk="false">
        <cacheEventListenerFactory
                class="net.sf.ehcache.distribution.RMICacheReplicatorFactory"
                properties="replicateAsynchronously=false, replicatePuts=false,
                            replicatePutsViaCopy=false, replicateUpdates=true,
                            replicateUpdatesViaCopy=true, replicateRemovals=false"/>
    </cache>
    <cache name="sampleReplicatedCache3"
           maxEntriesLocalHeap="10"
           eternal="false"
           timeToIdleSeconds="100"
           timeToLiveSeconds="100"
           overflowToDisk="true">
        <cacheEventListenerFactory
                class="net.sf.ehcache.distribution.RMICacheReplicatorFactory"
                properties="asynchronousReplicationIntervalMillis=200"/>
    </cache>
	<cache name="defaultCache"
        maxElementsInMemory="10000"
        eternal="false"
        overflowToDisk="true"
        timeToIdleSeconds="300000"
        timeToLiveSeconds="600000"
        memoryStoreEvictionPolicy="LFU" />
</ehcache>
