<?xml version="1.0" encoding="UTF-8"?>
<beans xmlns="http://www.springframework.org/schema/beans"
	xmlns:xsi="http://www.w3.org/2001/XMLSchema-instance"
	xmlns:p="http://www.springframework.org/schema/p"
	xmlns:mvc="http://www.springframework.org/schema/mvc"
	xmlns:context="http://www.springframework.org/schema/context"
	xsi:schemaLocation="http://www.springframework.org/schema/beans
		http://www.springframework.org/schema/beans/spring-beans-4.1.xsd
		http://www.springframework.org/schema/mvc
		http://www.springframework.org/schema/mvc/spring-mvc-4.1.xsd
		http://www.springframework.org/schema/context
		http://www.springframework.org/schema/context/spring-context-4.1.xsd">
		
	<!-- 对静态资源文件的访问  -->
		<mvc:resources mapping="/favicon.ico" location="/" cache-period="31556926"/>
		<mvc:resources mapping="/images/**" location="/images/" cache-period="31556926"/>
		<mvc:resources mapping="/js/**" location="/js/" cache-period="31556926"/>
		<mvc:resources mapping="/css/**" location="/css/" cache-period="31556926"/>
		<mvc:resources mapping="/plugin/**" location="/plugin/" cache-period="31556926"/><!-- 插件css获取url -->
	<!--启动Spring MVC的注解功能,设置编码方式，防止乱码-->
		<bean class="org.springframework.web.servlet.mvc.annotation.AnnotationMethodHandlerAdapter">
			<property name="messageConverters">
				<list>
					<bean class="org.springframework.http.converter.StringHttpMessageConverter">
						<property name="supportedMediaTypes">
							<list>
								<value>text/html;charset=UTF-8</value>
							</list>
						</property>
					</bean>
				</list>
			</property>
		</bean>
    <!-- jsp视图解析器 -->
	    <bean id="jspViewResolver" class="org.springframework.web.servlet.view.InternalResourceViewResolver">
	        <property name="viewClass" value="org.springframework.web.servlet.view.JstlView"/>
	        <property name="order" value="1"></property>
	        <property name="prefix" value="/WEB-INF/jsp/"/>
	        <property name="suffix" value=".jsp"/>
	    </bean>
    <!-- multipart 视图解析器 ，用于文件上传 -->
	    <bean id="multipartResolver" class="org.springframework.web.multipart.commons.CommonsMultipartResolver">
	        <property name="maxUploadSize" value="1073741824"/>
			<property name="maxInMemorySize" value="4096"/> 
		</bean> 
	<!--  自定义拦截器（映射到Controller中的方法级别）-->
		<bean class="org.springframework.web.servlet.mvc.method.annotation.RequestMappingHandlerAdapter">
		  	<property name="webBindingInitializer" ref="webBindingInitializer"></property>
		</bean>
		<bean class="org.springframework.web.servlet.mvc.method.annotation.RequestMappingHandlerMapping">
			<property name="interceptors">
				<list>
					<bean class="com.lys.power.intercept.MethodsInterceptor" />
					<bean class="org.springframework.web.servlet.handler.ConversionServiceExposingInterceptor">
	                    <constructor-arg ref="conversionService"/>
	                </bean>
				</list>
			</property>
		</bean>
	<!-- 国际化(读取资源文件) -->
		<bean id="messageSource" class="org.springframework.context.support.ReloadableResourceBundleMessageSource">
	        <property name="basename" value="classpath:properties/messages"/>
	        <property name="fileEncodings" value="UTF-8"/>
	        <property name="cacheSeconds" value="120"/>
	    </bean>
	<!-- 验证器(配置国际化验证结果) validator -->
		<bean id="validator" class="org.springframework.validation.beanvalidation.LocalValidatorFactoryBean">
			<property name="providerClass" value="org.hibernate.validator.HibernateValidator" />
			<!-- 如果不加默认到 使用classpath下的 ValidationMessages.properties -->
			<property name="validationMessageSource" ref="messageSource" />
		</bean>
	<!-- 自定义的类型转换器和注册conversionService实现 -->
		<bean id="conversionService" class="org.springframework.format.support.FormattingConversionServiceFactoryBean">
			<!--配置自定义转换器和自定义格式化器-->
			<property name="converters">
				<list>
					<bean class="com.lys.sys.springmvc.converter.StringToDateConverter">
						<constructor-arg value="yyyy-MM-dd HH:mm:ss" />
					</bean>
					<bean class="com.lys.sys.springmvc.converter.StringToIntegerConverter"></bean>
				</list>
			</property>
		</bean>
	<!-- 通过ConfigurableWebBindingInitializer绑定初始化器进行ConversionService的注册 -->
		<bean id="webBindingInitializer" class="org.springframework.web.bind.support.ConfigurableWebBindingInitializer">
		    <property name="conversionService" ref="conversionService"/>
		    <property name="validator" ref="validator"/>
		</bean>


</beans>
